# {"t_start": 1594920287.9516952, "env_id": "MountainCar-v0"} 
r,l,t
-200.0,200,10.262024
-200.0,200,10.574877
-200.0,200,10.941708
-200.0,200,11.300943
-200.0,200,11.6387
-200.0,200,33.774194
-200.0,200,64.354523
-200.0,200,109.592045
-200.0,200,169.89691
-200.0,200,232.411677
-200.0,200,304.082057
-200.0,200,365.721597
-200.0,200,393.897974
-200.0,200,418.43978
