# {"t_start": 1594920410.151072, "env_id": "Acrobot-v1"} 
r,l,t
-500.0,500,80.907945
-500.0,500,83.982418
