# {"t_start": 1594920409.92015, "env_id": "Acrobot-v1"} 
r,l,t
-500.0,500,80.589129
-500.0,500,84.156831
