# {"t_start": 1594920287.9523861, "env_id": "MountainCar-v0"} 
r,l,t
-200.0,200,9.972744
-200.0,200,10.33476
-200.0,200,10.666417
-200.0,200,11.003368
-200.0,200,11.422753
-200.0,200,33.294801
-200.0,200,62.591361
-200.0,200,106.962704
-200.0,200,165.335664
-200.0,200,227.28903
-200.0,200,298.585695
-200.0,200,363.583391
-200.0,200,391.67517
-200.0,200,417.362292
