# {"t_start": 1594920287.9537401, "env_id": "MountainCar-v0"} 
r,l,t
-200.0,200,9.903355
-200.0,200,10.259655
-200.0,200,10.646612
-200.0,200,11.041548
-200.0,200,11.371823
-200.0,200,34.021135
-200.0,200,65.432262
-200.0,200,111.936332
-200.0,200,171.916516
-200.0,200,237.458881
-200.0,200,310.31308
-200.0,200,368.456127
-200.0,200,396.726309
-200.0,200,422.463328
