# {"t_start": 1594920287.9517949, "env_id": "MountainCar-v0"} 
r,l,t
-200.0,200,10.23799
-200.0,200,10.567096
-200.0,200,10.921583
-200.0,200,11.258762
-200.0,200,11.602775
-200.0,200,34.046489
-200.0,200,65.358138
-200.0,200,110.614967
-200.0,200,169.974713
-200.0,200,232.631619
-200.0,200,304.263515
-200.0,200,365.980481
-200.0,200,394.314795
-200.0,200,419.774014
