# {"t_start": 1594920410.280115, "env_id": "Acrobot-v1"} 
r,l,t
-500.0,500,80.05673
-500.0,500,83.437877
