# {"t_start": 1594920287.9516952, "env_id": "MountainCar-v0"} 
r,l,t
-200.0,200,9.930511
-200.0,200,10.286657
-200.0,200,10.71457
-200.0,200,11.031356
-200.0,200,11.364393
-200.0,200,33.57992
-200.0,200,64.402154
-200.0,200,108.834409
-200.0,200,167.957528
-200.0,200,229.909746
-200.0,200,299.917227
-200.0,200,364.445503
-200.0,200,393.151132
-200.0,200,417.825177
