# {"t_start": 1594920410.030886, "env_id": "Acrobot-v1"} 
r,l,t
-500.0,500,79.856353
-500.0,500,83.636222
