# {"t_start": 1594920410.031378, "env_id": "Acrobot-v1"} 
r,l,t
-500.0,500,81.478138
-500.0,500,84.682779
